[
    {
        "_id": "1",
        "date": "Jun 10",
        "listName": "Competetive Intelligence",
        "noOfEntities": "5",
        "description": [
            "Hector Pvt ltd",
            "Bundle Pvt ltd",
            "Puma Sport Pvt ltd",
            "Wow Momos Pvt ltd",
            "Vodafone Idea ltd"
        ]
    }, 
    {
        "_id": "2",
        "date": "Jun 1",
        "listName": "My Vendor",
        "noOfEntities": "5",
        "description": [
            "Hector Pvt ltd",
            "Bundle Pvt ltd",
            "Puma Sport Pvt ltd",
            "Wow Momos Pvt ltd",
            "Vodafone Idea ltd"
        ]
    },
    {
        "_id": "3",
        "date": "Jun 11",
        "listName": "My Customer",
        "noOfEntities": "5",
        "description": [
            "Hector Pvt ltd",
            "Bundle Pvt ltd",
            "Puma Sport Pvt ltd",
            "Wow Momos Pvt ltd",
            "Vodafone Idea ltd"
        ]
    },
    {
        "_id": "4",
        "date": "Jun 22",
        "listName": "Test Result",
        "noOfEntities": "0"
    },
    {
        "_id": "5",
        "date": "Jun 1",
        "listName": "Check Details",
        "noOfEntities": "3",
        "description": [
            "Puma Sport Pvt ltd",
            "Wow Momos Pvt ltd",
            "Vodafone Idea ltd"
        ]
    },
    {
        "_id": "6",
        "date": "Jul 1",
        "listName": "Custom",
        "noOfEntities": "3",
        "description": [
            "Hector Pvt ltd",
            "Bundle Pvt ltd",
            "Vodafone Idea ltd"
        ]
    },
    {
        "_id": "7",
        "date": "Jun 2",
        "listName": "Test1",
        "noOfEntities": "4",
        "description": [
            "Hector Pvt ltd",
            "Bundle Pvt ltd",
            "Wow Momos Pvt ltd",
            "Vodafone Idea ltd"
        ]
    },
    {
        "_id": "8",
        "date": "Jun 3",
        "listName": "Competetive ",
        "noOfEntities": "1",
        "description": [
            "Vodafone Idea ltd"
        ]
    },
    {
        "_id": "9",
        "date": "Jun 13",
        "listName": "Competetive Coding",
        "noOfEntities": "5",
        "description": [
            "Hector Pvt ltd",
            "Bundle Pvt ltd",
            "Puma Sport Pvt ltd",
            "Wow Momos Pvt ltd",
            "Vodafone Idea ltd"
        ]
    },
    {
        "_id": "10",
        "date": "Jun 6",
        "listName": "Competetive performance",
        "noOfEntities": "5",
        "description": [
            "Hector Pvt ltd",
            "Bundle Pvt ltd",
            "Puma Sport Pvt ltd",
            "ID fresh Food Ltd",
            "Bajaj limited"
        ]
    },
    {
        "_id": "11",
        "date": "Jun 4",
        "listName": "Intelligence",
        "noOfEntities": "1"
    },
    {
        "_id": "12",
        "date": "Jun 12",
        "listName": "Compete",
        "noOfEntities": "7",
        "description": [
            "Hector Pvt ltd",
            "Bundle Pvt ltd",
            "Puma Sport Pvt ltd",
            "Wow Momos Pvt ltd",
            "Vodafone Idea ltd",
            "ID fresh Food Ltd",
            "Bajaj limited"
        ]
    },
    {
        "_id": "13",
        "date": "Jun 5",
        "listName": "Check list",
        "noOfEntities": "2",
        "description": [
            "ID fresh Food Ltd",
            "Bajaj limited"
        ]
    }
]